y,lvl,nis,type,n,p50,name
2010,1,01000,alle_huizen,78871.0,180000.0,BELGIE
2010,1,01000,appartementen,26822.0,150000.0,BELGIE
2010,1,01000,huizen_23,54877.0,160000.0,BELGIE
2010,1,01000,huizen_4plus,23994.0,240000.0,BELGIE
2010,2,02000,alle_huizen,47744.0,200000.0,VLAAMS GEWEST
2010,2,02000,appartementen,15822.0,150000.0,VLAAMS GEWEST
2010,2,02000,huizen_23,33288.0,180000.0,VLAAMS GEWEST
2010,2,02000,huizen_4plus,14456.0,267500.0,VLAAMS GEWEST
2010,2,03000,alle_huizen,28957.0,140000.0,WAALS GEWEST
2010,2,03000,appartementen,3502.0,115000.0,WAALS GEWEST
2010,2,03000,huizen_23,19543.0,122000.0,WAALS GEWEST
2010,2,03000,huizen_4plus,9414.0,200000.0,WAALS GEWEST
2010,2,04000,alle_huizen,2170.0,325000.0,BRUSSELS HOOFDSTEDELIJK GEWEST
2010,2,04000,appartementen,7498.0,160000.0,BRUSSELS HOOFDSTEDELIJK GEWEST
2010,2,04000,huizen_23,2046.0,315000.0,BRUSSELS HOOFDSTEDELIJK GEWEST
2010,2,04000,huizen_4plus,124.0,775000.0,BRUSSELS HOOFDSTEDELIJK GEWEST
2010,3,10000,alle_huizen,12202.0,215000.0,PROVINCIE ANTWERPEN
2010,3,10000,appartementen,6382.0,140000.0,PROVINCIE ANTWERPEN
2010,3,10000,huizen_23,8586.0,198000.0,PROVINCIE ANTWERPEN
2010,3,10000,huizen_4plus,3616.0,287500.0,PROVINCIE ANTWERPEN
2010,3,20001,alle_huizen,8219.0,242000.0,PROVINCIE VLAAMS-BRABANT
2010,3,20001,appartementen,1763.0,165700.0,PROVINCIE VLAAMS-BRABANT
2010,3,20001,huizen_23,5241.0,215000.0,PROVINCIE VLAAMS-BRABANT
2010,3,20001,huizen_4plus,2978.0,300000.0,PROVINCIE VLAAMS-BRABANT
2010,3,20002,alle_huizen,2885.0,260000.0,PROVINCIE WAALS-BRABANT
2010,3,20002,appartementen,578.0,159000.0,PROVINCIE WAALS-BRABANT
2010,3,20002,huizen_23,1477.0,214000.0,PROVINCIE WAALS-BRABANT
2010,3,20002,huizen_4plus,1408.0,320000.0,PROVINCIE WAALS-BRABANT
2010,3,30000,alle_huizen,9963.0,180000.0,PROVINCIE WEST-VLAANDEREN
2010,3,30000,appartementen,4458.0,163000.0,PROVINCIE WEST-VLAANDEREN
2010,3,30000,huizen_23,7399.0,164000.0,PROVINCIE WEST-VLAANDEREN
2010,3,30000,huizen_4plus,2564.0,265000.0,PROVINCIE WEST-VLAANDEREN
2010,3,40000,alle_huizen,12262.0,185000.0,PROVINCIE OOST-VLAANDEREN
2010,3,40000,appartementen,1937.0,157000.0,PROVINCIE OOST-VLAANDEREN
2010,3,40000,huizen_23,9568.0,169000.0,PROVINCIE OOST-VLAANDEREN
2010,3,40000,huizen_4plus,2694.0,275000.0,PROVINCIE OOST-VLAANDEREN
2010,3,50000,alle_huizen,12165.0,121000.0,PROVINCIE HENEGOUWEN
2010,3,50000,appartementen,974.0,105000.0,PROVINCIE HENEGOUWEN
2010,3,50000,huizen_23,9558.0,110000.0,PROVINCIE HENEGOUWEN
2010,3,50000,huizen_4plus,2607.0,190000.0,PROVINCIE HENEGOUWEN
2010,3,60000,alle_huizen,7735.0,135000.0,PROVINCIE LUIK
2010,3,60000,appartementen,1327.0,110000.0,PROVINCIE LUIK
2010,3,60000,huizen_23,5538.0,123500.0,PROVINCIE LUIK
2010,3,60000,huizen_4plus,2197.0,190000.0,PROVINCIE LUIK
2010,3,70000,alle_huizen,5098.0,185000.0,PROVINCIE LIMBURG
2010,3,70000,appartementen,1282.0,150000.0,PROVINCIE LIMBURG
2010,3,70000,huizen_23,2494.0,165000.0,PROVINCIE LIMBURG
2010,3,70000,huizen_4plus,2604.0,212000.0,PROVINCIE LIMBURG
2010,3,80000,alle_huizen,2161.0,150000.0,PROVINCIE LUXEMBURG
2010,3,80000,appartementen,203.0,120000.0,PROVINCIE LUXEMBURG
2010,3,80000,huizen_23,990.0,130000.0,PROVINCIE LUXEMBURG
2010,3,80000,huizen_4plus,1171.0,170000.0,PROVINCIE LUXEMBURG
2010,3,90000,alle_huizen,4011.0,155000.0,PROVINCIE NAMEN
2010,3,90000,appartementen,420.0,120000.0,PROVINCIE NAMEN
2010,3,90000,huizen_23,1980.0,140000.0,PROVINCIE NAMEN
2010,3,90000,huizen_4plus,2031.0,180000.0,PROVINCIE NAMEN
2011,1,01000,alle_huizen,82895.0,185000.0,BELGIE
2011,1,01000,appartementen,30419.0,155000.0,BELGIE
2011,1,01000,huizen_23,58224.0,170000.0,BELGIE
2011,1,01000,huizen_4plus,24671.0,250000.0,BELGIE
2011,2,02000,alle_huizen,50679.0,209000.0,VLAAMS GEWEST
2011,2,02000,appartementen,18069.0,157500.0,VLAAMS GEWEST
2011,2,02000,huizen_23,35757.0,187500.0,VLAAMS GEWEST
2011,2,02000,huizen_4plus,14922.0,277500.0,VLAAMS GEWEST
2011,2,03000,alle_huizen,29976.0,145000.0,WAALS GEWEST
2011,2,03000,appartementen,4073.0,122500.0,WAALS GEWEST
2011,2,03000,huizen_23,20351.0,125000.0,WAALS GEWEST
2011,2,03000,huizen_4plus,9625.0,200000.0,WAALS GEWEST
2011,2,04000,alle_huizen,2240.0,340000.0,BRUSSELS HOOFDSTEDELIJK GEWEST
2011,2,04000,appartementen,8277.0,167500.0,BRUSSELS HOOFDSTEDELIJK GEWEST
2011,2,04000,huizen_23,2116.0,330000.0,BRUSSELS HOOFDSTEDELIJK GEWEST
2011,2,04000,huizen_4plus,124.0,950000.0,BRUSSELS HOOFDSTEDELIJK GEWEST
2011,3,10000,alle_huizen,12843.0,225000.0,PROVINCIE ANTWERPEN
2011,3,10000,appartementen,7035.0,150000.0,PROVINCIE ANTWERPEN
2011,3,10000,huizen_23,9067.0,205000.0,PROVINCIE ANTWERPEN
2011,3,10000,huizen_4plus,3776.0,300000.0,PROVINCIE ANTWERPEN
2011,3,20001,alle_huizen,8630.0,250000.0,PROVINCIE VLAAMS-BRABANT
2011,3,20001,appartementen,2043.0,165000.0,PROVINCIE VLAAMS-BRABANT
2011,3,20001,huizen_23,5619.0,225000.0,PROVINCIE VLAAMS-BRABANT
2011,3,20001,huizen_4plus,3011.0,316000.0,PROVINCIE VLAAMS-BRABANT
2011,3,20002,alle_huizen,2964.0,270000.0,PROVINCIE WAALS-BRABANT
2011,3,20002,appartementen,669.0,167000.0,PROVINCIE WAALS-BRABANT
2011,3,20002,huizen_23,1500.0,220000.0,PROVINCIE WAALS-BRABANT
2011,3,20002,huizen_4plus,1464.0,335000.0,PROVINCIE WAALS-BRABANT
2011,3,30000,alle_huizen,10426.0,187000.0,PROVINCIE WEST-VLAANDEREN
2011,3,30000,appartementen,5046.0,167500.0,PROVINCIE WEST-VLAANDEREN
2011,3,30000,huizen_23,7824.0,170000.0,PROVINCIE WEST-VLAANDEREN
2011,3,30000,huizen_4plus,2602.0,275000.0,PROVINCIE WEST-VLAANDEREN
2011,3,40000,alle_huizen,13284.0,195000.0,PROVINCIE OOST-VLAANDEREN
2011,3,40000,appartementen,2415.0,165000.0,PROVINCIE OOST-VLAANDEREN
2011,3,40000,huizen_23,10473.0,178500.0,PROVINCIE OOST-VLAANDEREN
2011,3,40000,huizen_4plus,2811.0,290000.0,PROVINCIE OOST-VLAANDEREN
2011,3,50000,alle_huizen,12582.0,125000.0,PROVINCIE HENEGOUWEN
2011,3,50000,appartementen,1131.0,109000.0,PROVINCIE HENEGOUWEN
2011,3,50000,huizen_23,9874.0,111000.0,PROVINCIE HENEGOUWEN
2011,3,50000,huizen_4plus,2708.0,198000.0,PROVINCIE HENEGOUWEN
2011,3,60000,alle_huizen,8133.0,140000.0,PROVINCIE LUIK
2011,3,60000,appartementen,1505.0,118000.0,PROVINCIE LUIK
2011,3,60000,huizen_23,5834.0,127000.0,PROVINCIE LUIK
2011,3,60000,huizen_4plus,2299.0,197500.0,PROVINCIE LUIK
2011,3,70000,alle_huizen,5496.0,190000.0,PROVINCIE LIMBURG
2011,3,70000,appartementen,1530.0,154500.0,PROVINCIE LIMBURG
2011,3,70000,huizen_23,2774.0,170000.0,PROVINCIE LIMBURG
2011,3,70000,huizen_4plus,2722.0,220000.0,PROVINCIE LIMBURG
2011,3,80000,alle_huizen,2212.0,150000.0,PROVINCIE LUXEMBURG
2011,3,80000,appartementen,276.0,130000.0,PROVINCIE LUXEMBURG
2011,3,80000,huizen_23,1063.0,135000.0,PROVINCIE LUXEMBURG
2011,3,80000,huizen_4plus,1149.0,175000.0,PROVINCIE LUXEMBURG
2011,3,90000,alle_huizen,4085.0,159000.0,PROVINCIE NAMEN
2011,3,90000,appartementen,492.0,133000.0,PROVINCIE NAMEN
2011,3,90000,huizen_23,2080.0,140000.0,PROVINCIE NAMEN
2011,3,90000,huizen_4plus,2005.0,184000.0,PROVINCIE NAMEN
2012,1,01000,alle_huizen,77402.0,194000.0,BELGIE
2012,1,01000,appartementen,29791.0,160000.0,BELGIE
2012,1,01000,huizen_23,54004.0,175000.0,BELGIE
2012,1,01000,huizen_4plus,23398.0,255000.0,BELGIE
2012,2,02000,alle_huizen,47341.0,217500.0,VLAAMS GEWEST
2012,2,02000,appartementen,17459.0,164000.0,VLAAMS GEWEST
2012,2,02000,huizen_23,33169.0,195000.0,VLAAMS GEWEST
2012,2,02000,huizen_4plus,14172.0,285000.0,VLAAMS GEWEST
2012,2,03000,alle_huizen,27937.0,147000.0,WAALS GEWEST
2012,2,03000,appartementen,4025.0,130000.0,WAALS GEWEST
2012,2,03000,huizen_23,18823.0,126000.0,WAALS GEWEST
2012,2,03000,huizen_4plus,9114.0,207500.0,WAALS GEWEST
2012,2,04000,alle_huizen,2124.0,343750.0,BRUSSELS HOOFDSTEDELIJK GEWEST
2012,2,04000,appartementen,8307.0,175000.0,BRUSSELS HOOFDSTEDELIJK GEWEST
2012,2,04000,huizen_23,2012.0,331000.0,BRUSSELS HOOFDSTEDELIJK GEWEST
2012,2,04000,huizen_4plus,112.0,825000.0,BRUSSELS HOOFDSTEDELIJK GEWEST
2012,3,10000,alle_huizen,12082.0,230000.0,PROVINCIE ANTWERPEN
2012,3,10000,appartementen,6807.0,150000.0,PROVINCIE ANTWERPEN
2012,3,10000,huizen_23,8424.0,210000.0,PROVINCIE ANTWERPEN
2012,3,10000,huizen_4plus,3658.0,300000.0,PROVINCIE ANTWERPEN
2012,3,20001,alle_huizen,8332.0,260000.0,PROVINCIE VLAAMS-BRABANT
2012,3,20001,appartementen,1986.0,180000.0,PROVINCIE VLAAMS-BRABANT
2012,3,20001,huizen_23,5363.0,234000.0,PROVINCIE VLAAMS-BRABANT
2012,3,20001,huizen_4plus,2969.0,320000.0,PROVINCIE VLAAMS-BRABANT
2012,3,20002,alle_huizen,2896.0,275000.0,PROVINCIE WAALS-BRABANT
2012,3,20002,appartementen,728.0,185500.0,PROVINCIE WAALS-BRABANT
2012,3,20002,huizen_23,1454.0,230000.0,PROVINCIE WAALS-BRABANT
2012,3,20002,huizen_4plus,1442.0,335000.0,PROVINCIE WAALS-BRABANT
2012,3,30000,alle_huizen,9546.0,195000.0,PROVINCIE WEST-VLAANDEREN
2012,3,30000,appartementen,4840.0,175000.0,PROVINCIE WEST-VLAANDEREN
2012,3,30000,huizen_23,7147.0,178000.0,PROVINCIE WEST-VLAANDEREN
2012,3,30000,huizen_4plus,2399.0,285000.0,PROVINCIE WEST-VLAANDEREN
2012,3,40000,alle_huizen,12230.0,200000.0,PROVINCIE OOST-VLAANDEREN
2012,3,40000,appartementen,2376.0,170000.0,PROVINCIE OOST-VLAANDEREN
2012,3,40000,huizen_23,9589.0,185000.0,PROVINCIE OOST-VLAANDEREN
2012,3,40000,huizen_4plus,2641.0,300000.0,PROVINCIE OOST-VLAANDEREN
2012,3,50000,alle_huizen,11591.0,125000.0,PROVINCIE HENEGOUWEN
2012,3,50000,appartementen,1097.0,110000.0,PROVINCIE HENEGOUWEN
2012,3,50000,huizen_23,9053.0,115000.0,PROVINCIE HENEGOUWEN
2012,3,50000,huizen_4plus,2538.0,197000.0,PROVINCIE HENEGOUWEN
2012,3,60000,alle_huizen,7506.0,145000.0,PROVINCIE LUIK
2012,3,60000,appartementen,1435.0,122750.0,PROVINCIE LUIK
2012,3,60000,huizen_23,5313.0,130000.0,PROVINCIE LUIK
2012,3,60000,huizen_4plus,2193.0,200000.0,PROVINCIE LUIK
2012,3,70000,alle_huizen,5151.0,192000.0,PROVINCIE LIMBURG
2012,3,70000,appartementen,1450.0,163000.0,PROVINCIE LIMBURG
2012,3,70000,huizen_23,2646.0,170000.0,PROVINCIE LIMBURG
2012,3,70000,huizen_4plus,2505.0,222000.0,PROVINCIE LIMBURG
2012,3,80000,alle_huizen,2158.0,149000.0,PROVINCIE LUXEMBURG
2012,3,80000,appartementen,256.0,135000.0,PROVINCIE LUXEMBURG
2012,3,80000,huizen_23,1019.0,130000.0,PROVINCIE LUXEMBURG
2012,3,80000,huizen_4plus,1139.0,165000.0,PROVINCIE LUXEMBURG
2012,3,90000,alle_huizen,3786.0,160000.0,PROVINCIE NAMEN
2012,3,90000,appartementen,509.0,134000.0,PROVINCIE NAMEN
2012,3,90000,huizen_23,1984.0,145000.0,PROVINCIE NAMEN
2012,3,90000,huizen_4plus,1802.0,189450.0,PROVINCIE NAMEN
2013,1,01000,alle_huizen,76073.0,197000.0,BELGIE
2013,1,01000,appartementen,29049.0,165000.0,BELGIE
2013,1,01000,huizen_23,52534.0,175000.0,BELGIE
2013,1,01000,huizen_4plus,23539.0,255000.0,BELGIE
2013,2,02000,alle_huizen,47223.0,220000.0,VLAAMS GEWEST
2013,2,02000,appartementen,17447.0,168000.0,VLAAMS GEWEST
2013,2,02000,huizen_23,32798.0,200000.0,VLAAMS GEWEST
2013,2,02000,huizen_4plus,14425.0,285000.0,VLAAMS GEWEST
2013,2,03000,alle_huizen,26753.0,150000.0,WAALS GEWEST
2013,2,03000,appartementen,3973.0,130000.0,WAALS GEWEST
2013,2,03000,huizen_23,17786.0,127500.0,WAALS GEWEST
2013,2,03000,huizen_4plus,8967.0,205000.0,WAALS GEWEST
2013,2,04000,alle_huizen,2097.0,360000.0,BRUSSELS HOOFDSTEDELIJK GEWEST
2013,2,04000,appartementen,7629.0,180000.0,BRUSSELS HOOFDSTEDELIJK GEWEST
2013,2,04000,huizen_23,1950.0,350000.0,BRUSSELS HOOFDSTEDELIJK GEWEST
2013,2,04000,huizen_4plus,147.0,712500.0,BRUSSELS HOOFDSTEDELIJK GEWEST
2013,3,10000,alle_huizen,12019.0,237500.0,PROVINCIE ANTWERPEN
2013,3,10000,appartementen,6862.0,156000.0,PROVINCIE ANTWERPEN
2013,3,10000,huizen_23,8306.0,215000.0,PROVINCIE ANTWERPEN
2013,3,10000,huizen_4plus,3713.0,300000.0,PROVINCIE ANTWERPEN
2013,3,20001,alle_huizen,8037.0,260000.0,PROVINCIE VLAAMS-BRABANT
2013,3,20001,appartementen,1940.0,185000.0,PROVINCIE VLAAMS-BRABANT
2013,3,20001,huizen_23,5174.0,238000.0,PROVINCIE VLAAMS-BRABANT
2013,3,20001,huizen_4plus,2863.0,325000.0,PROVINCIE VLAAMS-BRABANT
2013,3,20002,alle_huizen,2847.0,275000.0,PROVINCIE WAALS-BRABANT
2013,3,20002,appartementen,673.0,180000.0,PROVINCIE WAALS-BRABANT
2013,3,20002,huizen_23,1410.0,225000.0,PROVINCIE WAALS-BRABANT
2013,3,20002,huizen_4plus,1437.0,340000.0,PROVINCIE WAALS-BRABANT
2013,3,30000,alle_huizen,9835.0,200000.0,PROVINCIE WEST-VLAANDEREN
2013,3,30000,appartementen,4693.0,175000.0,PROVINCIE WEST-VLAANDEREN
2013,3,30000,huizen_23,7256.0,180000.0,PROVINCIE WEST-VLAANDEREN
2013,3,30000,huizen_4plus,2579.0,285000.0,PROVINCIE WEST-VLAANDEREN
2013,3,40000,alle_huizen,12426.0,205000.0,PROVINCIE OOST-VLAANDEREN
2013,3,40000,appartementen,2451.0,177000.0,PROVINCIE OOST-VLAANDEREN
2013,3,40000,huizen_23,9658.0,190000.0,PROVINCIE OOST-VLAANDEREN
2013,3,40000,huizen_4plus,2768.0,300000.0,PROVINCIE OOST-VLAANDEREN
2013,3,50000,alle_huizen,10743.0,125000.0,PROVINCIE HENEGOUWEN
2013,3,50000,appartementen,1040.0,110000.0,PROVINCIE HENEGOUWEN
2013,3,50000,huizen_23,8332.0,115000.0,PROVINCIE HENEGOUWEN
2013,3,50000,huizen_4plus,2411.0,199000.0,PROVINCIE HENEGOUWEN
2013,3,60000,alle_huizen,7309.0,145000.0,PROVINCIE LUIK
2013,3,60000,appartementen,1508.0,125000.0,PROVINCIE LUIK
2013,3,60000,huizen_23,5116.0,130000.0,PROVINCIE LUIK
2013,3,60000,huizen_4plus,2193.0,200000.0,PROVINCIE LUIK
2013,3,70000,alle_huizen,4906.0,195000.0,PROVINCIE LIMBURG
2013,3,70000,appartementen,1501.0,165000.0,PROVINCIE LIMBURG
2013,3,70000,huizen_23,2404.0,175000.0,PROVINCIE LIMBURG
2013,3,70000,huizen_4plus,2502.0,216750.0,PROVINCIE LIMBURG
2013,3,80000,alle_huizen,2073.0,152500.0,PROVINCIE LUXEMBURG
2013,3,80000,appartementen,259.0,130500.0,PROVINCIE LUXEMBURG
2013,3,80000,huizen_23,966.0,135000.0,PROVINCIE LUXEMBURG
2013,3,80000,huizen_4plus,1107.0,170000.0,PROVINCIE LUXEMBURG
2013,3,90000,alle_huizen,3781.0,165000.0,PROVINCIE NAMEN
2013,3,90000,appartementen,493.0,135000.0,PROVINCIE NAMEN
2013,3,90000,huizen_23,1962.0,145000.0,PROVINCIE NAMEN
2013,3,90000,huizen_4plus,1819.0,185000.0,PROVINCIE NAMEN
2014,1,01000,alle_huizen,87944.0,200000.0,BELGIE
2014,1,01000,appartementen,32407.0,165000.0,BELGIE
2014,1,01000,huizen_23,60242.0,180000.0,BELGIE
2014,1,01000,huizen_4plus,27702.0,260000.0,BELGIE
2014,2,02000,alle_huizen,57289.0,225000.0,VLAAMS GEWEST
2014,2,02000,appartementen,20066.0,168000.0,VLAAMS GEWEST
2014,2,02000,huizen_23,39527.0,200000.0,VLAAMS GEWEST
2014,2,02000,huizen_4plus,17762.0,287000.0,VLAAMS GEWEST
2014,2,03000,alle_huizen,28474.0,149500.0,WAALS GEWEST
2014,2,03000,appartementen,4422.0,130000.0,WAALS GEWEST
2014,2,03000,huizen_23,18688.0,128000.0,WAALS GEWEST
2014,2,03000,huizen_4plus,9786.0,210000.0,WAALS GEWEST
2014,2,04000,alle_huizen,2181.0,351200.0,BRUSSELS HOOFDSTEDELIJK GEWEST
2014,2,04000,appartementen,7919.0,176000.0,BRUSSELS HOOFDSTEDELIJK GEWEST
2014,2,04000,huizen_23,2027.0,340000.0,BRUSSELS HOOFDSTEDELIJK GEWEST
2014,2,04000,huizen_4plus,154.0,900000.0,BRUSSELS HOOFDSTEDELIJK GEWEST
2014,3,10000,alle_huizen,14866.0,238000.0,PROVINCIE ANTWERPEN
2014,3,10000,appartementen,7950.0,160000.0,PROVINCIE ANTWERPEN
2014,3,10000,huizen_23,10224.0,219000.0,PROVINCIE ANTWERPEN
2014,3,10000,huizen_4plus,4642.0,302250.0,PROVINCIE ANTWERPEN
2014,3,20001,alle_huizen,9687.0,262000.0,PROVINCIE VLAAMS-BRABANT
2014,3,20001,appartementen,2322.0,187000.0,PROVINCIE VLAAMS-BRABANT
2014,3,20001,huizen_23,6110.0,237000.0,PROVINCIE VLAAMS-BRABANT
2014,3,20001,huizen_4plus,3577.0,320000.0,PROVINCIE VLAAMS-BRABANT
2014,3,20002,alle_huizen,3111.0,275000.0,PROVINCIE WAALS-BRABANT
2014,3,20002,appartementen,708.0,175000.0,PROVINCIE WAALS-BRABANT
2014,3,20002,huizen_23,1591.0,230000.0,PROVINCIE WAALS-BRABANT
2014,3,20002,huizen_4plus,1520.0,330000.0,PROVINCIE WAALS-BRABANT
2014,3,30000,alle_huizen,11663.0,204000.0,PROVINCIE WEST-VLAANDEREN
2014,3,30000,appartementen,5142.0,170000.0,PROVINCIE WEST-VLAANDEREN
2014,3,30000,huizen_23,8638.0,184000.0,PROVINCIE WEST-VLAANDEREN
2014,3,30000,huizen_4plus,3025.0,294000.0,PROVINCIE WEST-VLAANDEREN
2014,3,40000,alle_huizen,14873.0,214000.0,PROVINCIE OOST-VLAANDEREN
2014,3,40000,appartementen,2834.0,175000.0,PROVINCIE OOST-VLAANDEREN
2014,3,40000,huizen_23,11503.0,195000.0,PROVINCIE OOST-VLAANDEREN
2014,3,40000,huizen_4plus,3370.0,300000.0,PROVINCIE OOST-VLAANDEREN
2014,3,50000,alle_huizen,11364.0,125000.0,PROVINCIE HENEGOUWEN
2014,3,50000,appartementen,1232.0,110000.0,PROVINCIE HENEGOUWEN
2014,3,50000,huizen_23,8704.0,110001.0,PROVINCIE HENEGOUWEN
2014,3,50000,huizen_4plus,2660.0,195000.0,PROVINCIE HENEGOUWEN
2014,3,60000,alle_huizen,7669.0,147000.0,PROVINCIE LUIK
2014,3,60000,appartementen,1614.0,126765.0,PROVINCIE LUIK
2014,3,60000,huizen_23,5365.0,130000.0,PROVINCIE LUIK
2014,3,60000,huizen_4plus,2304.0,205000.0,PROVINCIE LUIK
2014,3,70000,alle_huizen,6200.0,195000.0,PROVINCIE LIMBURG
2014,3,70000,appartementen,1818.0,165000.0,PROVINCIE LIMBURG
2014,3,70000,huizen_23,3052.0,175000.0,PROVINCIE LIMBURG
2014,3,70000,huizen_4plus,3148.0,220000.0,PROVINCIE LIMBURG
2014,3,80000,alle_huizen,2294.0,150000.0,PROVINCIE LUXEMBURG
2014,3,80000,appartementen,307.0,132500.0,PROVINCIE LUXEMBURG
2014,3,80000,huizen_23,1031.0,130000.0,PROVINCIE LUXEMBURG
2014,3,80000,huizen_4plus,1263.0,175000.0,PROVINCIE LUXEMBURG
2014,3,90000,alle_huizen,4036.0,160000.0,PROVINCIE NAMEN
2014,3,90000,appartementen,561.0,140000.0,PROVINCIE NAMEN
2014,3,90000,huizen_23,1997.0,142000.0,PROVINCIE NAMEN
2014,3,90000,huizen_4plus,2039.0,188000.0,PROVINCIE NAMEN
2015,1,01000,alle_huizen,74116.0,200000.0,BELGIE
2015,1,01000,appartementen,29403.0,168976.0,BELGIE
2015,1,01000,huizen_23,50210.0,175000.0,BELGIE
2015,1,01000,huizen_4plus,23906.0,260000.0,BELGIE
2015,2,02000,alle_huizen,43522.0,230000.0,VLAAMS GEWEST
2015,2,02000,appartementen,17075.0,172500.0,VLAAMS GEWEST
2015,2,02000,huizen_23,29754.0,207000.0,VLAAMS GEWEST
2015,2,02000,huizen_4plus,13768.0,295000.0,VLAAMS GEWEST
2015,2,03000,alle_huizen,28405.0,150000.0,WAALS GEWEST
2015,2,03000,appartementen,4576.0,134700.0,WAALS GEWEST
2015,2,03000,huizen_23,18401.0,130000.0,WAALS GEWEST
2015,2,03000,huizen_4plus,10004.0,217000.0,WAALS GEWEST
2015,2,04000,alle_huizen,2189.0,360000.0,BRUSSELS HOOFDSTEDELIJK GEWEST
2015,2,04000,appartementen,7752.0,180000.0,BRUSSELS HOOFDSTEDELIJK GEWEST
2015,2,04000,huizen_23,2055.0,350000.0,BRUSSELS HOOFDSTEDELIJK GEWEST
2015,2,04000,huizen_4plus,134.0,845000.0,BRUSSELS HOOFDSTEDELIJK GEWEST
2015,3,10000,alle_huizen,11588.0,240000.0,PROVINCIE ANTWERPEN
2015,3,10000,appartementen,6541.0,160000.0,PROVINCIE ANTWERPEN
2015,3,10000,huizen_23,7901.0,220000.0,PROVINCIE ANTWERPEN
2015,3,10000,huizen_4plus,3687.0,312000.0,PROVINCIE ANTWERPEN
2015,3,20001,alle_huizen,7056.0,262875.0,PROVINCIE VLAAMS-BRABANT
2015,3,20001,appartementen,1745.0,190000.0,PROVINCIE VLAAMS-BRABANT
2015,3,20001,huizen_23,4412.0,240000.0,PROVINCIE VLAAMS-BRABANT
2015,3,20001,huizen_4plus,2644.0,320000.0,PROVINCIE VLAAMS-BRABANT
2015,3,20002,alle_huizen,3132.0,285000.0,PROVINCIE WAALS-BRABANT
2015,3,20002,appartementen,785.0,177500.0,PROVINCIE WAALS-BRABANT
2015,3,20002,huizen_23,1516.0,235000.0,PROVINCIE WAALS-BRABANT
2015,3,20002,huizen_4plus,1616.0,340000.0,PROVINCIE WAALS-BRABANT
2015,3,30000,alle_huizen,9155.0,218000.0,PROVINCIE WEST-VLAANDEREN
2015,3,30000,appartementen,5038.0,185000.0,PROVINCIE WEST-VLAANDEREN
2015,3,30000,huizen_23,6764.0,190000.0,PROVINCIE WEST-VLAANDEREN
2015,3,30000,huizen_4plus,2391.0,305500.0,PROVINCIE WEST-VLAANDEREN
2015,3,40000,alle_huizen,10793.0,215000.0,PROVINCIE OOST-VLAANDEREN
2015,3,40000,appartementen,2271.0,180000.0,PROVINCIE OOST-VLAANDEREN
2015,3,40000,huizen_23,8280.0,190000.0,PROVINCIE OOST-VLAANDEREN
2015,3,40000,huizen_4plus,2513.0,310000.0,PROVINCIE OOST-VLAANDEREN
2015,3,50000,alle_huizen,11293.0,130000.0,PROVINCIE HENEGOUWEN
2015,3,50000,appartementen,1246.0,120000.0,PROVINCIE HENEGOUWEN
2015,3,50000,huizen_23,8519.0,116000.0,PROVINCIE HENEGOUWEN
2015,3,50000,huizen_4plus,2774.0,205000.0,PROVINCIE HENEGOUWEN
2015,3,60000,alle_huizen,7937.0,150000.0,PROVINCIE LUIK
2015,3,60000,appartementen,1665.0,125000.0,PROVINCIE LUIK
2015,3,60000,huizen_23,5516.0,134075.0,PROVINCIE LUIK
2015,3,60000,huizen_4plus,2421.0,206908.0,PROVINCIE LUIK
2015,3,70000,alle_huizen,4930.0,200000.0,PROVINCIE LIMBURG
2015,3,70000,appartementen,1480.0,170000.0,PROVINCIE LIMBURG
2015,3,70000,huizen_23,2397.0,175000.0,PROVINCIE LIMBURG
2015,3,70000,huizen_4plus,2533.0,225000.0,PROVINCIE LIMBURG
2015,3,80000,alle_huizen,2182.0,150000.0,PROVINCIE LUXEMBURG
2015,3,80000,appartementen,271.0,145000.0,PROVINCIE LUXEMBURG
2015,3,80000,huizen_23,998.0,135000.0,PROVINCIE LUXEMBURG
2015,3,80000,huizen_4plus,1184.0,175000.0,PROVINCIE LUXEMBURG
2015,3,90000,alle_huizen,3861.0,170000.0,PROVINCIE NAMEN
2015,3,90000,appartementen,609.0,140000.0,PROVINCIE NAMEN
2015,3,90000,huizen_23,1852.0,148000.0,PROVINCIE NAMEN
2015,3,90000,huizen_4plus,2009.0,199000.0,PROVINCIE NAMEN
2016,1,01000,alle_huizen,85875.0,210000.0,BELGIE
2016,1,01000,appartementen,33189.0,170000.0,BELGIE
2016,1,01000,huizen_23,58390.0,185000.0,BELGIE
2016,1,01000,huizen_4plus,27485.0,271501.0,BELGIE
2016,2,02000,alle_huizen,54327.0,235000.0,VLAAMS GEWEST
2016,2,02000,appartementen,20401.0,175000.0,VLAAMS GEWEST
2016,2,02000,huizen_23,37121.0,210000.0,VLAAMS GEWEST
2016,2,02000,huizen_4plus,17206.0,305000.0,VLAAMS GEWEST
2016,2,03000,alle_huizen,29162.0,154000.0,WAALS GEWEST
2016,2,03000,appartementen,4815.0,135000.0,WAALS GEWEST
2016,2,03000,huizen_23,19028.0,132500.0,WAALS GEWEST
2016,2,03000,huizen_4plus,10134.0,220000.0,WAALS GEWEST
2016,2,04000,alle_huizen,2386.0,365000.0,BRUSSELS HOOFDSTEDELIJK GEWEST
2016,2,04000,appartementen,7973.0,185000.0,BRUSSELS HOOFDSTEDELIJK GEWEST
2016,2,04000,huizen_23,2241.0,350000.0,BRUSSELS HOOFDSTEDELIJK GEWEST
2016,2,04000,huizen_4plus,145.0,900000.0,BRUSSELS HOOFDSTEDELIJK GEWEST
2016,3,10000,alle_huizen,13758.0,250000.0,PROVINCIE ANTWERPEN
2016,3,10000,appartementen,7615.0,165000.0,PROVINCIE ANTWERPEN
2016,3,10000,huizen_23,9493.0,228500.0,PROVINCIE ANTWERPEN
2016,3,10000,huizen_4plus,4265.0,330685.0,PROVINCIE ANTWERPEN
2016,3,20001,alle_huizen,9194.0,275000.0,PROVINCIE VLAAMS-BRABANT
2016,3,20001,appartementen,2282.0,195000.0,PROVINCIE VLAAMS-BRABANT
2016,3,20001,huizen_23,5769.0,249000.0,PROVINCIE VLAAMS-BRABANT
2016,3,20001,huizen_4plus,3425.0,340000.0,PROVINCIE VLAAMS-BRABANT
2016,3,20002,alle_huizen,3040.0,290000.0,PROVINCIE WAALS-BRABANT
2016,3,20002,appartementen,859.0,185000.0,PROVINCIE WAALS-BRABANT
2016,3,20002,huizen_23,1499.0,247000.0,PROVINCIE WAALS-BRABANT
2016,3,20002,huizen_4plus,1541.0,345000.0,PROVINCIE WAALS-BRABANT
2016,3,30000,alle_huizen,11189.0,212500.0,PROVINCIE WEST-VLAANDEREN
2016,3,30000,appartementen,5992.0,175000.0,PROVINCIE WEST-VLAANDEREN
2016,3,30000,huizen_23,8188.0,190000.0,PROVINCIE WEST-VLAANDEREN
2016,3,30000,huizen_4plus,3001.0,305000.0,PROVINCIE WEST-VLAANDEREN
2016,3,40000,alle_huizen,14077.0,225000.0,PROVINCIE OOST-VLAANDEREN
2016,3,40000,appartementen,2744.0,185000.0,PROVINCIE OOST-VLAANDEREN
2016,3,40000,huizen_23,10717.0,201000.0,PROVINCIE OOST-VLAANDEREN
2016,3,40000,huizen_4plus,3360.0,315000.0,PROVINCIE OOST-VLAANDEREN
2016,3,50000,alle_huizen,11517.0,130000.0,PROVINCIE HENEGOUWEN
2016,3,50000,appartementen,1338.0,115000.0,PROVINCIE HENEGOUWEN
2016,3,50000,huizen_23,8804.0,118000.0,PROVINCIE HENEGOUWEN
2016,3,50000,huizen_4plus,2713.0,205500.0,PROVINCIE HENEGOUWEN
2016,3,60000,alle_huizen,8258.0,150000.0,PROVINCIE LUIK
2016,3,60000,appartementen,1720.0,130000.0,PROVINCIE LUIK
2016,3,60000,huizen_23,5743.0,135000.0,PROVINCIE LUIK
2016,3,60000,huizen_4plus,2515.0,210000.0,PROVINCIE LUIK
2016,3,70000,alle_huizen,6109.0,200000.0,PROVINCIE LIMBURG
2016,3,70000,appartementen,1768.0,175000.0,PROVINCIE LIMBURG
2016,3,70000,huizen_23,2954.0,178000.0,PROVINCIE LIMBURG
2016,3,70000,huizen_4plus,3155.0,230000.0,PROVINCIE LIMBURG
2016,3,80000,alle_huizen,2575.0,155000.0,PROVINCIE LUXEMBURG
2016,3,80000,appartementen,313.0,135000.0,PROVINCIE LUXEMBURG
2016,3,80000,huizen_23,1150.0,140000.0,PROVINCIE LUXEMBURG
2016,3,80000,huizen_4plus,1425.0,175000.0,PROVINCIE LUXEMBURG
2016,3,90000,alle_huizen,3772.0,175000.0,PROVINCIE NAMEN
2016,3,90000,appartementen,585.0,145000.0,PROVINCIE NAMEN
2016,3,90000,huizen_23,1832.0,155000.0,PROVINCIE NAMEN
2016,3,90000,huizen_4plus,1940.0,200000.0,PROVINCIE NAMEN
2017,1,01000,alle_huizen,88914.0,215000.0,BELGIE
2017,1,01000,appartementen,34938.0,177500.0,BELGIE
2017,1,01000,huizen_23,60524.0,190000.0,BELGIE
2017,1,01000,huizen_4plus,28390.0,277000.0,BELGIE
2017,2,02000,alle_huizen,56451.0,240000.0,VLAAMS GEWEST
2017,2,02000,appartementen,21152.0,180000.0,VLAAMS GEWEST
2017,2,02000,huizen_23,38627.0,219000.0,VLAAMS GEWEST
2017,2,02000,huizen_4plus,17824.0,306000.0,VLAAMS GEWEST
2017,2,03000,alle_huizen,30162.0,157000.0,WAALS GEWEST
2017,2,03000,appartementen,4798.0,140000.0,WAALS GEWEST
2017,2,03000,huizen_23,19731.0,135000.0,WAALS GEWEST
2017,2,03000,huizen_4plus,10431.0,225000.0,WAALS GEWEST
2017,2,04000,alle_huizen,2301.0,373000.0,BRUSSELS HOOFDSTEDELIJK GEWEST
2017,2,04000,appartementen,8988.0,190000.0,BRUSSELS HOOFDSTEDELIJK GEWEST
2017,2,04000,huizen_23,2166.0,362000.0,BRUSSELS HOOFDSTEDELIJK GEWEST
2017,2,04000,huizen_4plus,135.0,820000.0,BRUSSELS HOOFDSTEDELIJK GEWEST
2017,3,10000,alle_huizen,14169.0,255000.0,PROVINCIE ANTWERPEN
2017,3,10000,appartementen,7984.0,170000.0,PROVINCIE ANTWERPEN
2017,3,10000,huizen_23,9710.0,235000.0,PROVINCIE ANTWERPEN
2017,3,10000,huizen_4plus,4459.0,325000.0,PROVINCIE ANTWERPEN
2017,3,20001,alle_huizen,9402.0,282500.0,PROVINCIE VLAAMS-BRABANT
2017,3,20001,appartementen,2200.0,200000.0,PROVINCIE VLAAMS-BRABANT
2017,3,20001,huizen_23,5886.0,255000.0,PROVINCIE VLAAMS-BRABANT
2017,3,20001,huizen_4plus,3516.0,349950.0,PROVINCIE VLAAMS-BRABANT
2017,3,20002,alle_huizen,3073.0,299000.0,PROVINCIE WAALS-BRABANT
2017,3,20002,appartementen,796.0,197750.0,PROVINCIE WAALS-BRABANT
2017,3,20002,huizen_23,1498.0,245000.0,PROVINCIE WAALS-BRABANT
2017,3,20002,huizen_4plus,1575.0,360000.0,PROVINCIE WAALS-BRABANT
2017,3,30000,alle_huizen,11685.0,220000.0,PROVINCIE WEST-VLAANDEREN
2017,3,30000,appartementen,6188.0,183000.0,PROVINCIE WEST-VLAANDEREN
2017,3,30000,huizen_23,8566.0,197500.0,PROVINCIE WEST-VLAANDEREN
2017,3,30000,huizen_4plus,3119.0,310000.0,PROVINCIE WEST-VLAANDEREN
2017,3,40000,alle_huizen,14793.0,230000.0,PROVINCIE OOST-VLAANDEREN
2017,3,40000,appartementen,2908.0,195000.0,PROVINCIE OOST-VLAANDEREN
2017,3,40000,huizen_23,11368.0,210000.0,PROVINCIE OOST-VLAANDEREN
2017,3,40000,huizen_4plus,3425.0,322000.0,PROVINCIE OOST-VLAANDEREN
2017,3,50000,alle_huizen,12157.0,135000.0,PROVINCIE HENEGOUWEN
2017,3,50000,appartementen,1352.0,120000.0,PROVINCIE HENEGOUWEN
2017,3,50000,huizen_23,9292.0,120000.0,PROVINCIE HENEGOUWEN
2017,3,50000,huizen_4plus,2865.0,205000.0,PROVINCIE HENEGOUWEN
2017,3,60000,alle_huizen,8268.0,156000.0,PROVINCIE LUIK
2017,3,60000,appartementen,1733.0,135000.0,PROVINCIE LUIK
2017,3,60000,huizen_23,5807.0,140000.0,PROVINCIE LUIK
2017,3,60000,huizen_4plus,2461.0,222500.0,PROVINCIE LUIK
2017,3,70000,alle_huizen,6402.0,210000.0,PROVINCIE LIMBURG
2017,3,70000,appartementen,1872.0,177500.0,PROVINCIE LIMBURG
2017,3,70000,huizen_23,3097.0,185000.0,PROVINCIE LIMBURG
2017,3,70000,huizen_4plus,3305.0,238750.0,PROVINCIE LIMBURG
2017,3,80000,alle_huizen,2744.0,160000.0,PROVINCIE LUXEMBURG
2017,3,80000,appartementen,338.0,141500.0,PROVINCIE LUXEMBURG
2017,3,80000,huizen_23,1195.0,140000.0,PROVINCIE LUXEMBURG
2017,3,80000,huizen_4plus,1549.0,180000.0,PROVINCIE LUXEMBURG
2017,3,90000,alle_huizen,3920.0,171100.0,PROVINCIE NAMEN
2017,3,90000,appartementen,579.0,150000.0,PROVINCIE NAMEN
2017,3,90000,huizen_23,1939.0,150000.0,PROVINCIE NAMEN
2017,3,90000,huizen_4plus,1981.0,200000.0,PROVINCIE NAMEN
2018,1,01000,alle_huizen,93381.0,225000.0,BELGIE
2018,1,01000,appartementen,36947.0,182000.0,BELGIE
2018,1,01000,huizen_23,62897.0,200000.0,BELGIE
2018,1,01000,huizen_4plus,30484.0,285000.0,BELGIE
2018,2,02000,alle_huizen,58628.0,250000.0,VLAAMS GEWEST
2018,2,02000,appartementen,22560.0,185000.0,VLAAMS GEWEST
2018,2,02000,huizen_23,39650.0,226000.0,VLAAMS GEWEST
2018,2,02000,huizen_4plus,18978.0,318800.0,VLAAMS GEWEST
2018,2,03000,alle_huizen,32432.0,162000.0,WAALS GEWEST
2018,2,03000,appartementen,5532.0,144000.0,WAALS GEWEST
2018,2,03000,huizen_23,21088.0,140000.0,WAALS GEWEST
2018,2,03000,huizen_4plus,11344.0,232500.0,WAALS GEWEST
2018,2,04000,alle_huizen,2321.0,390000.0,BRUSSELS HOOFDSTEDELIJK GEWEST
2018,2,04000,appartementen,8855.0,199000.0,BRUSSELS HOOFDSTEDELIJK GEWEST
2018,2,04000,huizen_23,2159.0,375000.0,BRUSSELS HOOFDSTEDELIJK GEWEST
2018,2,04000,huizen_4plus,162.0,847500.0,BRUSSELS HOOFDSTEDELIJK GEWEST
2018,3,10000,alle_huizen,14760.0,265000.0,PROVINCIE ANTWERPEN
2018,3,10000,appartementen,8554.0,178000.0,PROVINCIE ANTWERPEN
2018,3,10000,huizen_23,9984.0,245000.0,PROVINCIE ANTWERPEN
2018,3,10000,huizen_4plus,4776.0,332000.0,PROVINCIE ANTWERPEN
2018,3,20001,alle_huizen,9889.0,295000.0,PROVINCIE VLAAMS-BRABANT
2018,3,20001,appartementen,2443.0,205000.0,PROVINCIE VLAAMS-BRABANT
2018,3,20001,huizen_23,6061.0,267500.0,PROVINCIE VLAAMS-BRABANT
2018,3,20001,huizen_4plus,3828.0,355000.0,PROVINCIE VLAAMS-BRABANT
2018,3,20002,alle_huizen,3276.0,310000.0,PROVINCIE WAALS-BRABANT
2018,3,20002,appartementen,993.0,195000.0,PROVINCIE WAALS-BRABANT
2018,3,20002,huizen_23,1562.0,255000.0,PROVINCIE WAALS-BRABANT
2018,3,20002,huizen_4plus,1714.0,365000.0,PROVINCIE WAALS-BRABANT
2018,3,30000,alle_huizen,12018.0,230000.0,PROVINCIE WEST-VLAANDEREN
2018,3,30000,appartementen,6389.0,185000.0,PROVINCIE WEST-VLAANDEREN
2018,3,30000,huizen_23,8736.0,205000.0,PROVINCIE WEST-VLAANDEREN
2018,3,30000,huizen_4plus,3282.0,317500.0,PROVINCIE WEST-VLAANDEREN
2018,3,40000,alle_huizen,15333.0,240000.0,PROVINCIE OOST-VLAANDEREN
2018,3,40000,appartementen,3256.0,200000.0,PROVINCIE OOST-VLAANDEREN
2018,3,40000,huizen_23,11690.0,220000.0,PROVINCIE OOST-VLAANDEREN
2018,3,40000,huizen_4plus,3643.0,332250.0,PROVINCIE OOST-VLAANDEREN
2018,3,50000,alle_huizen,12816.0,139000.0,PROVINCIE HENEGOUWEN
2018,3,50000,appartementen,1486.0,120000.0,PROVINCIE HENEGOUWEN
2018,3,50000,huizen_23,9747.0,125000.0,PROVINCIE HENEGOUWEN
2018,3,50000,huizen_4plus,3069.0,220000.0,PROVINCIE HENEGOUWEN
2018,3,60000,alle_huizen,9317.0,160000.0,PROVINCIE LUIK
2018,3,60000,appartementen,1963.0,136000.0,PROVINCIE LUIK
2018,3,60000,huizen_23,6421.0,145000.0,PROVINCIE LUIK
2018,3,60000,huizen_4plus,2896.0,230000.0,PROVINCIE LUIK
2018,3,70000,alle_huizen,6628.0,215000.0,PROVINCIE LIMBURG
2018,3,70000,appartementen,1918.0,185000.0,PROVINCIE LIMBURG
2018,3,70000,huizen_23,3179.0,187000.0,PROVINCIE LIMBURG
2018,3,70000,huizen_4plus,3449.0,245000.0,PROVINCIE LIMBURG
2018,3,80000,alle_huizen,2675.0,165000.0,PROVINCIE LUXEMBURG
2018,3,80000,appartementen,394.0,140000.0,PROVINCIE LUXEMBURG
2018,3,80000,huizen_23,1189.0,150000.0,PROVINCIE LUXEMBURG
2018,3,80000,huizen_4plus,1486.0,183000.0,PROVINCIE LUXEMBURG
2018,3,90000,alle_huizen,4348.0,174000.0,PROVINCIE NAMEN
2018,3,90000,appartementen,696.0,150000.0,PROVINCIE NAMEN
2018,3,90000,huizen_23,2169.0,155000.0,PROVINCIE NAMEN
2018,3,90000,huizen_4plus,2179.0,204000.0,PROVINCIE NAMEN
2019,1,01000,alle_huizen,107240.0,240000.0,BELGIE
2019,1,01000,appartementen,42428.0,190000.0,BELGIE
2019,1,01000,huizen_23,72879.0,215000.0,BELGIE
2019,1,01000,huizen_4plus,34361.0,300000.0,BELGIE
2019,2,02000,alle_huizen,72095.0,262500.0,VLAAMS GEWEST
2019,2,02000,appartementen,27240.0,195000.0,VLAAMS GEWEST
2019,2,02000,huizen_23,48957.0,240000.0,VLAAMS GEWEST
2019,2,02000,huizen_4plus,23138.0,330000.0,VLAAMS GEWEST
2019,2,03000,alle_huizen,32747.0,170000.0,WAALS GEWEST
2019,2,03000,appartementen,5880.0,148000.0,WAALS GEWEST
2019,2,03000,huizen_23,21670.0,148000.0,WAALS GEWEST
2019,2,03000,huizen_4plus,11077.0,240000.0,WAALS GEWEST
2019,2,04000,alle_huizen,2398.0,412000.0,BRUSSELS HOOFDSTEDELIJK GEWEST
2019,2,04000,appartementen,9308.0,210000.0,BRUSSELS HOOFDSTEDELIJK GEWEST
2019,2,04000,huizen_23,2252.0,400000.0,BRUSSELS HOOFDSTEDELIJK GEWEST
2019,2,04000,huizen_4plus,146.0,865000.0,BRUSSELS HOOFDSTEDELIJK GEWEST
2019,3,10000,alle_huizen,18137.0,279000.0,PROVINCIE ANTWERPEN
2019,3,10000,appartementen,10704.0,190000.0,PROVINCIE ANTWERPEN
2019,3,10000,huizen_23,12435.0,259000.0,PROVINCIE ANTWERPEN
2019,3,10000,huizen_4plus,5702.0,348000.0,PROVINCIE ANTWERPEN
2019,3,20001,alle_huizen,11992.0,308500.0,PROVINCIE VLAAMS-BRABANT
2019,3,20001,appartementen,3177.0,215000.0,PROVINCIE VLAAMS-BRABANT
2019,3,20001,huizen_23,7441.0,279000.0,PROVINCIE VLAAMS-BRABANT
2019,3,20001,huizen_4plus,4551.0,370000.0,PROVINCIE VLAAMS-BRABANT
2019,3,20002,alle_huizen,3385.0,320000.0,PROVINCIE WAALS-BRABANT
2019,3,20002,appartementen,935.0,212000.0,PROVINCIE WAALS-BRABANT
2019,3,20002,huizen_23,1712.0,270000.0,PROVINCIE WAALS-BRABANT
2019,3,20002,huizen_4plus,1673.0,380000.0,PROVINCIE WAALS-BRABANT
2019,3,30000,alle_huizen,15021.0,236500.0,PROVINCIE WEST-VLAANDEREN
2019,3,30000,appartementen,7305.0,190000.0,PROVINCIE WEST-VLAANDEREN
2019,3,30000,huizen_23,10970.0,214000.0,PROVINCIE WEST-VLAANDEREN
2019,3,30000,huizen_4plus,4051.0,330000.0,PROVINCIE WEST-VLAANDEREN
2019,3,40000,alle_huizen,18513.0,255000.0,PROVINCIE OOST-VLAANDEREN
2019,3,40000,appartementen,3681.0,210000.0,PROVINCIE OOST-VLAANDEREN
2019,3,40000,huizen_23,14058.0,234975.0,PROVINCIE OOST-VLAANDEREN
2019,3,40000,huizen_4plus,4455.0,350000.0,PROVINCIE OOST-VLAANDEREN
2019,3,50000,alle_huizen,13214.0,145000.0,PROVINCIE HENEGOUWEN
2019,3,50000,appartementen,1603.0,127750.0,PROVINCIE HENEGOUWEN
2019,3,50000,huizen_23,10179.0,130000.0,PROVINCIE HENEGOUWEN
2019,3,50000,huizen_4plus,3035.0,225001.0,PROVINCIE HENEGOUWEN
2019,3,60000,alle_huizen,9066.0,170000.0,PROVINCIE LUIK
2019,3,60000,appartementen,2145.0,140000.0,PROVINCIE LUIK
2019,3,60000,huizen_23,6351.0,150000.0,PROVINCIE LUIK
2019,3,60000,huizen_4plus,2715.0,240000.0,PROVINCIE LUIK
2019,3,70000,alle_huizen,8432.0,228000.0,PROVINCIE LIMBURG
2019,3,70000,appartementen,2373.0,189000.0,PROVINCIE LIMBURG
2019,3,70000,huizen_23,4053.0,199000.0,PROVINCIE LIMBURG
2019,3,70000,huizen_4plus,4379.0,255000.0,PROVINCIE LIMBURG
2019,3,80000,alle_huizen,2700.0,176000.0,PROVINCIE LUXEMBURG
2019,3,80000,appartementen,459.0,150000.0,PROVINCIE LUXEMBURG
2019,3,80000,huizen_23,1199.0,155000.0,PROVINCIE LUXEMBURG
2019,3,80000,huizen_4plus,1501.0,195000.0,PROVINCIE LUXEMBURG
2019,3,90000,alle_huizen,4382.0,180000.0,PROVINCIE NAMEN
2019,3,90000,appartementen,738.0,155000.0,PROVINCIE NAMEN
2019,3,90000,huizen_23,2229.0,162500.0,PROVINCIE NAMEN
2019,3,90000,huizen_4plus,2153.0,215000.0,PROVINCIE NAMEN
2020,1,01000,alle_huizen,85153.0,245000.0,BELGIE
2020,1,01000,appartementen,37351.0,204000.0,BELGIE
2020,1,01000,huizen_23,56653.0,217000.0,BELGIE
2020,1,01000,huizen_4plus,28500.0,315000.0,BELGIE
2020,2,02000,alle_huizen,52124.0,275000.0,VLAAMS GEWEST
2020,2,02000,appartementen,23483.0,210000.0,VLAAMS GEWEST
2020,2,02000,huizen_23,34624.0,249000.0,VLAAMS GEWEST
2020,2,02000,huizen_4plus,17500.0,349000.0,VLAAMS GEWEST
2020,2,03000,alle_huizen,30925.0,180000.0,WAALS GEWEST
2020,2,03000,appartementen,5471.0,155000.0,WAALS GEWEST
2020,2,03000,huizen_23,20078.0,155000.0,WAALS GEWEST
2020,2,03000,huizen_4plus,10847.0,253500.0,WAALS GEWEST
2020,2,04000,alle_huizen,2104.0,450000.0,BRUSSELS HOOFDSTEDELIJK GEWEST
2020,2,04000,appartementen,8397.0,228000.0,BRUSSELS HOOFDSTEDELIJK GEWEST
2020,2,04000,huizen_23,1951.0,435000.0,BRUSSELS HOOFDSTEDELIJK GEWEST
2020,2,04000,huizen_4plus,153.0,960000.0,BRUSSELS HOOFDSTEDELIJK GEWEST
2020,3,10000,alle_huizen,13334.0,295000.0,PROVINCIE ANTWERPEN
2020,3,10000,appartementen,8696.0,206001.0,PROVINCIE ANTWERPEN
2020,3,10000,huizen_23,8787.0,270000.0,PROVINCIE ANTWERPEN
2020,3,10000,huizen_4plus,4547.0,369000.0,PROVINCIE ANTWERPEN
2020,3,20001,alle_huizen,8655.0,325000.0,PROVINCIE VLAAMS-BRABANT
2020,3,20001,appartementen,2579.0,228000.0,PROVINCIE VLAAMS-BRABANT
2020,3,20001,huizen_23,5264.0,290000.0,PROVINCIE VLAAMS-BRABANT
2020,3,20001,huizen_4plus,3391.0,385000.0,PROVINCIE VLAAMS-BRABANT
2020,3,20002,alle_huizen,3186.0,340000.0,PROVINCIE WAALS-BRABANT
2020,3,20002,appartementen,881.0,220000.0,PROVINCIE WAALS-BRABANT
2020,3,20002,huizen_23,1577.0,285000.0,PROVINCIE WAALS-BRABANT
2020,3,20002,huizen_4plus,1609.0,400000.0,PROVINCIE WAALS-BRABANT
2020,3,30000,alle_huizen,10969.0,249000.0,PROVINCIE WEST-VLAANDEREN
2020,3,30000,appartementen,7218.0,200000.0,PROVINCIE WEST-VLAANDEREN
2020,3,30000,huizen_23,7842.0,220000.0,PROVINCIE WEST-VLAANDEREN
2020,3,30000,huizen_4plus,3127.0,349000.0,PROVINCIE WEST-VLAANDEREN
2020,3,40000,alle_huizen,13294.0,265000.0,PROVINCIE OOST-VLAANDEREN
2020,3,40000,appartementen,3168.0,220000.0,PROVINCIE OOST-VLAANDEREN
2020,3,40000,huizen_23,9987.0,240000.0,PROVINCIE OOST-VLAANDEREN
2020,3,40000,huizen_4plus,3307.0,367000.0,PROVINCIE OOST-VLAANDEREN
2020,3,50000,alle_huizen,12135.0,150000.0,PROVINCIE HENEGOUWEN
2020,3,50000,appartementen,1527.0,135000.0,PROVINCIE HENEGOUWEN
2020,3,50000,huizen_23,9178.0,135000.0,PROVINCIE HENEGOUWEN
2020,3,50000,huizen_4plus,2957.0,237500.0,PROVINCIE HENEGOUWEN
2020,3,60000,alle_huizen,8594.0,179000.0,PROVINCIE LUIK
2020,3,60000,appartementen,2028.0,150000.0,PROVINCIE LUIK
2020,3,60000,huizen_23,5946.0,160000.0,PROVINCIE LUIK
2020,3,60000,huizen_4plus,2648.0,254000.0,PROVINCIE LUIK
2020,3,70000,alle_huizen,5872.0,233500.0,PROVINCIE LIMBURG
2020,3,70000,appartementen,1822.0,193500.0,PROVINCIE LIMBURG
2020,3,70000,huizen_23,2744.0,200000.0,PROVINCIE LIMBURG
2020,3,70000,huizen_4plus,3128.0,262500.0,PROVINCIE LIMBURG
2020,3,80000,alle_huizen,2691.0,185000.0,PROVINCIE LUXEMBURG
2020,3,80000,appartementen,406.0,154900.0,PROVINCIE LUXEMBURG
2020,3,80000,huizen_23,1265.0,166000.0,PROVINCIE LUXEMBURG
2020,3,80000,huizen_4plus,1426.0,210000.0,PROVINCIE LUXEMBURG
2020,3,90000,alle_huizen,4319.0,189950.0,PROVINCIE NAMEN
2020,3,90000,appartementen,629.0,165000.0,PROVINCIE NAMEN
2020,3,90000,huizen_23,2112.0,170000.0,PROVINCIE NAMEN
2020,3,90000,huizen_4plus,2207.0,220000.0,PROVINCIE NAMEN
2021,1,01000,alle_huizen,97121.0,260000.0,BELGIE
2021,1,01000,appartementen,46221.0,219000.0,BELGIE
2021,1,01000,huizen_23,65872.0,235000.0,BELGIE
2021,1,01000,huizen_4plus,31249.0,337000.0,BELGIE
2021,2,02000,alle_huizen,60962.0,290000.0,VLAAMS GEWEST
2021,2,02000,appartementen,29741.0,220000.0,VLAAMS GEWEST
2021,2,02000,huizen_23,41310.0,265000.0,VLAAMS GEWEST
2021,2,02000,huizen_4plus,19652.0,370000.0,VLAAMS GEWEST
2021,2,03000,alle_huizen,33691.0,190000.0,WAALS GEWEST
2021,2,03000,appartementen,6462.0,165000.0,WAALS GEWEST
2021,2,03000,huizen_23,22244.0,165000.0,WAALS GEWEST
2021,2,03000,huizen_4plus,11447.0,272750.0,WAALS GEWEST
2021,2,04000,alle_huizen,2468.0,470500.0,BRUSSELS HOOFDSTEDELIJK GEWEST
2021,2,04000,appartementen,10018.0,240000.0,BRUSSELS HOOFDSTEDELIJK GEWEST
2021,2,04000,huizen_23,2318.0,455000.0,BRUSSELS HOOFDSTEDELIJK GEWEST
2021,2,04000,huizen_4plus,150.0,1150000.0,BRUSSELS HOOFDSTEDELIJK GEWEST
2021,3,10000,alle_huizen,15282.0,315000.0,PROVINCIE ANTWERPEN
2021,3,10000,appartementen,10797.0,220000.0,PROVINCIE ANTWERPEN
2021,3,10000,huizen_23,10255.0,292000.0,PROVINCIE ANTWERPEN
2021,3,10000,huizen_4plus,5027.0,388000.0,PROVINCIE ANTWERPEN
2021,3,20001,alle_huizen,10148.0,350000.0,PROVINCIE VLAAMS-BRABANT
2021,3,20001,appartementen,3117.0,240000.0,PROVINCIE VLAAMS-BRABANT
2021,3,20001,huizen_23,6209.0,315000.0,PROVINCIE VLAAMS-BRABANT
2021,3,20001,huizen_4plus,3939.0,420000.0,PROVINCIE VLAAMS-BRABANT
2021,3,20002,alle_huizen,3446.0,370000.0,PROVINCIE WAALS-BRABANT
2021,3,20002,appartementen,1006.0,230000.0,PROVINCIE WAALS-BRABANT
2021,3,20002,huizen_23,1772.0,305000.0,PROVINCIE WAALS-BRABANT
2021,3,20002,huizen_4plus,1674.0,440000.0,PROVINCIE WAALS-BRABANT
2021,3,30000,alle_huizen,13009.0,257750.0,PROVINCIE WEST-VLAANDEREN
2021,3,30000,appartementen,9273.0,215000.0,PROVINCIE WEST-VLAANDEREN
2021,3,30000,huizen_23,9579.0,230000.0,PROVINCIE WEST-VLAANDEREN
2021,3,30000,huizen_4plus,3430.0,369000.0,PROVINCIE WEST-VLAANDEREN
2021,3,40000,alle_huizen,15576.0,280000.0,PROVINCIE OOST-VLAANDEREN
2021,3,40000,appartementen,4204.0,229000.0,PROVINCIE OOST-VLAANDEREN
2021,3,40000,huizen_23,11902.0,260000.0,PROVINCIE OOST-VLAANDEREN
2021,3,40000,huizen_4plus,3674.0,390000.0,PROVINCIE OOST-VLAANDEREN
2021,3,50000,alle_huizen,13546.0,160000.0,PROVINCIE HENEGOUWEN
2021,3,50000,appartementen,1822.0,140000.0,PROVINCIE HENEGOUWEN
2021,3,50000,huizen_23,10328.0,143000.0,PROVINCIE HENEGOUWEN
2021,3,50000,huizen_4plus,3218.0,250000.0,PROVINCIE HENEGOUWEN
2021,3,60000,alle_huizen,9238.0,190000.0,PROVINCIE LUIK
2021,3,60000,appartementen,2262.0,160000.0,PROVINCIE LUIK
2021,3,60000,huizen_23,6513.0,170000.0,PROVINCIE LUIK
2021,3,60000,huizen_4plus,2725.0,270000.0,PROVINCIE LUIK
2021,3,70000,alle_huizen,6947.0,250000.0,PROVINCIE LIMBURG
2021,3,70000,appartementen,2350.0,205000.0,PROVINCIE LIMBURG
2021,3,70000,huizen_23,3365.0,219000.0,PROVINCIE LIMBURG
2021,3,70000,huizen_4plus,3582.0,285000.0,PROVINCIE LIMBURG
2021,3,80000,alle_huizen,2884.0,206250.0,PROVINCIE LUXEMBURG
2021,3,80000,appartementen,504.0,179500.0,PROVINCIE LUXEMBURG
2021,3,80000,huizen_23,1367.0,175000.0,PROVINCIE LUXEMBURG
2021,3,80000,huizen_4plus,1517.0,240000.0,PROVINCIE LUXEMBURG
2021,3,90000,alle_huizen,4577.0,205000.0,PROVINCIE NAMEN
2021,3,90000,appartementen,868.0,162000.0,PROVINCIE NAMEN
2021,3,90000,huizen_23,2264.0,180000.0,PROVINCIE NAMEN
2021,3,90000,huizen_4plus,2313.0,239000.0,PROVINCIE NAMEN
2022,1,01000,alle_huizen,103737.0,285000.0,BELGIE
2022,1,01000,appartementen,47003.0,230000.0,BELGIE
2022,1,01000,huizen_23,70062.0,255000.0,BELGIE
2022,1,01000,huizen_4plus,33675.0,360000.0,BELGIE
2022,2,02000,alle_huizen,68440.0,315000.0,VLAAMS GEWEST
2022,2,02000,appartementen,29769.0,235000.0,VLAAMS GEWEST
2022,2,02000,huizen_23,46064.0,285000.0,VLAAMS GEWEST
2022,2,02000,huizen_4plus,22376.0,395000.0,VLAAMS GEWEST
2022,2,03000,alle_huizen,32958.0,200000.0,WAALS GEWEST
2022,2,03000,appartementen,6998.0,175000.0,WAALS GEWEST
2022,2,03000,huizen_23,21832.0,175000.0,WAALS GEWEST
2022,2,03000,huizen_4plus,11126.0,290000.0,WAALS GEWEST
2022,2,04000,alle_huizen,2339.0,500000.0,BRUSSELS HOOFDSTEDELIJK GEWEST
2022,2,04000,appartementen,10236.0,254000.0,BRUSSELS HOOFDSTEDELIJK GEWEST
2022,2,04000,huizen_23,2166.0,491000.0,BRUSSELS HOOFDSTEDELIJK GEWEST
2022,2,04000,huizen_4plus,173.0,1150000.0,BRUSSELS HOOFDSTEDELIJK GEWEST
2022,3,10000,alle_huizen,16925.0,342000.0,PROVINCIE ANTWERPEN
2022,3,10000,appartementen,11095.0,235000.0,PROVINCIE ANTWERPEN
2022,3,10000,huizen_23,11442.0,318000.0,PROVINCIE ANTWERPEN
2022,3,10000,huizen_4plus,5483.0,420000.0,PROVINCIE ANTWERPEN
2022,3,20001,alle_huizen,11342.0,371000.0,PROVINCIE VLAAMS-BRABANT
2022,3,20001,appartementen,3679.0,257500.0,PROVINCIE VLAAMS-BRABANT
2022,3,20001,huizen_23,6977.0,340000.0,PROVINCIE VLAAMS-BRABANT
2022,3,20001,huizen_4plus,4365.0,445000.0,PROVINCIE VLAAMS-BRABANT
2022,3,20002,alle_huizen,3280.0,375000.0,PROVINCIE WAALS-BRABANT
2022,3,20002,appartementen,1039.0,245000.0,PROVINCIE WAALS-BRABANT
2022,3,20002,huizen_23,1676.0,315000.0,PROVINCIE WAALS-BRABANT
2022,3,20002,huizen_4plus,1604.0,465000.0,PROVINCIE WAALS-BRABANT
2022,3,30000,alle_huizen,14218.0,275000.0,PROVINCIE WEST-VLAANDEREN
2022,3,30000,appartementen,7877.0,223500.0,PROVINCIE WEST-VLAANDEREN
2022,3,30000,huizen_23,10356.0,248000.0,PROVINCIE WEST-VLAANDEREN
2022,3,30000,huizen_4plus,3862.0,390000.0,PROVINCIE WEST-VLAANDEREN
2022,3,40000,alle_huizen,17755.0,305000.0,PROVINCIE OOST-VLAANDEREN
2022,3,40000,appartementen,4518.0,244000.0,PROVINCIE OOST-VLAANDEREN
2022,3,40000,huizen_23,13449.0,280000.0,PROVINCIE OOST-VLAANDEREN
2022,3,40000,huizen_4plus,4306.0,420000.0,PROVINCIE OOST-VLAANDEREN
2022,3,50000,alle_huizen,13168.0,170000.0,PROVINCIE HENEGOUWEN
2022,3,50000,appartementen,1790.0,145000.0,PROVINCIE HENEGOUWEN
2022,3,50000,huizen_23,10136.0,150000.0,PROVINCIE HENEGOUWEN
2022,3,50000,huizen_4plus,3032.0,270000.0,PROVINCIE HENEGOUWEN
2022,3,60000,alle_huizen,9159.0,200000.0,PROVINCIE LUIK
2022,3,60000,appartementen,2616.0,170000.0,PROVINCIE LUIK
2022,3,60000,huizen_23,6437.0,180000.0,PROVINCIE LUIK
2022,3,60000,huizen_4plus,2722.0,294750.0,PROVINCIE LUIK
2022,3,70000,alle_huizen,8200.0,270000.0,PROVINCIE LIMBURG
2022,3,70000,appartementen,2600.0,218000.0,PROVINCIE LIMBURG
2022,3,70000,huizen_23,3840.0,237000.0,PROVINCIE LIMBURG
2022,3,70000,huizen_4plus,4360.0,300000.0,PROVINCIE LIMBURG
2022,3,80000,alle_huizen,2739.0,233000.0,PROVINCIE LUXEMBURG
2022,3,80000,appartementen,615.0,185000.0,PROVINCIE LUXEMBURG
2022,3,80000,huizen_23,1250.0,200000.0,PROVINCIE LUXEMBURG
2022,3,80000,huizen_4plus,1489.0,260000.0,PROVINCIE LUXEMBURG
2022,3,90000,alle_huizen,4612.0,220000.0,PROVINCIE NAMEN
2022,3,90000,appartementen,938.0,177250.0,PROVINCIE NAMEN
2022,3,90000,huizen_23,2333.0,195000.0,PROVINCIE NAMEN
2022,3,90000,huizen_4plus,2279.0,250500.0,PROVINCIE NAMEN
2023,1,01000,alle_huizen,86409.0,290000.0,BELGIE
2023,1,01000,appartementen,42531.0,239000.0,BELGIE
2023,1,01000,huizen_23,58489.0,260000.0,BELGIE
2023,1,01000,huizen_4plus,27920.0,368000.0,BELGIE
2023,2,02000,alle_huizen,54869.0,329000.0,VLAAMS GEWEST
2023,2,02000,appartementen,26411.0,245000.0,VLAAMS GEWEST
2023,2,02000,huizen_23,37081.0,298500.0,VLAAMS GEWEST
2023,2,02000,huizen_4plus,17788.0,409000.0,VLAAMS GEWEST
2023,2,03000,alle_huizen,29445.0,205000.0,WAALS GEWEST
2023,2,03000,appartementen,6782.0,180000.0,WAALS GEWEST
2023,2,03000,huizen_23,19432.0,175000.0,WAALS GEWEST
2023,2,03000,huizen_4plus,10013.0,290000.0,WAALS GEWEST
2023,2,04000,alle_huizen,2095.0,500000.0,BRUSSELS HOOFDSTEDELIJK GEWEST
2023,2,04000,appartementen,9338.0,255100.0,BRUSSELS HOOFDSTEDELIJK GEWEST
2023,2,04000,huizen_23,1976.0,490000.0,BRUSSELS HOOFDSTEDELIJK GEWEST
2023,2,04000,huizen_4plus,119.0,937500.0,BRUSSELS HOOFDSTEDELIJK GEWEST
2023,3,10000,alle_huizen,13911.0,350000.0,PROVINCIE ANTWERPEN
2023,3,10000,appartementen,9660.0,245000.0,PROVINCIE ANTWERPEN
2023,3,10000,huizen_23,9416.0,328000.0,PROVINCIE ANTWERPEN
2023,3,10000,huizen_4plus,4495.0,430000.0,PROVINCIE ANTWERPEN
2023,3,20001,alle_huizen,9202.0,385000.0,PROVINCIE VLAAMS-BRABANT
2023,3,20001,appartementen,3214.0,265000.0,PROVINCIE VLAAMS-BRABANT
2023,3,20001,huizen_23,5573.0,350000.0,PROVINCIE VLAAMS-BRABANT
2023,3,20001,huizen_4plus,3629.0,455000.0,PROVINCIE VLAAMS-BRABANT
2023,3,20002,alle_huizen,3048.0,380000.0,PROVINCIE WAALS-BRABANT
2023,3,20002,appartementen,971.0,249000.0,PROVINCIE WAALS-BRABANT
2023,3,20002,huizen_23,1534.0,320000.0,PROVINCIE WAALS-BRABANT
2023,3,20002,huizen_4plus,1514.0,460000.0,PROVINCIE WAALS-BRABANT
2023,3,30000,alle_huizen,11214.0,289000.0,PROVINCIE WEST-VLAANDEREN
2023,3,30000,appartementen,6842.0,238941.0,PROVINCIE WEST-VLAANDEREN
2023,3,30000,huizen_23,8263.0,260000.0,PROVINCIE WEST-VLAANDEREN
2023,3,30000,huizen_4plus,2951.0,405000.0,PROVINCIE WEST-VLAANDEREN
2023,3,40000,alle_huizen,14099.0,316000.0,PROVINCIE OOST-VLAANDEREN
2023,3,40000,appartementen,4357.0,251000.0,PROVINCIE OOST-VLAANDEREN
2023,3,40000,huizen_23,10741.0,290000.0,PROVINCIE OOST-VLAANDEREN
2023,3,40000,huizen_4plus,3358.0,428000.0,PROVINCIE OOST-VLAANDEREN
2023,3,50000,alle_huizen,11778.0,170000.0,PROVINCIE HENEGOUWEN
2023,3,50000,appartementen,2035.0,157750.0,PROVINCIE HENEGOUWEN
2023,3,50000,huizen_23,8946.0,153000.0,PROVINCIE HENEGOUWEN
2023,3,50000,huizen_4plus,2832.0,270000.0,PROVINCIE HENEGOUWEN
2023,3,60000,alle_huizen,8088.0,207500.0,PROVINCIE LUIK
2023,3,60000,appartementen,2454.0,170000.0,PROVINCIE LUIK
2023,3,60000,huizen_23,5759.0,185000.0,PROVINCIE LUIK
2023,3,60000,huizen_4plus,2329.0,288500.0,PROVINCIE LUIK
2023,3,70000,alle_huizen,6443.0,286000.0,PROVINCIE LIMBURG
2023,3,70000,appartementen,2338.0,230023.0,PROVINCIE LIMBURG
2023,3,70000,huizen_23,3088.0,250000.0,PROVINCIE LIMBURG
2023,3,70000,huizen_4plus,3355.0,325000.0,PROVINCIE LIMBURG
2023,3,80000,alle_huizen,2387.0,240000.0,PROVINCIE LUXEMBURG
2023,3,80000,appartementen,508.0,200000.0,PROVINCIE LUXEMBURG
2023,3,80000,huizen_23,1106.0,202000.0,PROVINCIE LUXEMBURG
2023,3,80000,huizen_4plus,1281.0,269000.0,PROVINCIE LUXEMBURG
2023,3,90000,alle_huizen,4144.0,220000.0,PROVINCIE NAMEN
2023,3,90000,appartementen,814.0,190000.0,PROVINCIE NAMEN
2023,3,90000,huizen_23,2087.0,192500.0,PROVINCIE NAMEN
2023,3,90000,huizen_4plus,2057.0,259000.0,PROVINCIE NAMEN
2024,1,01000,alle_huizen,86290.0,290000.0,BELGIE
2024,1,01000,appartementen,43476.0,243000.0,BELGIE
2024,1,01000,huizen_23,58032.0,260000.0,BELGIE
2024,1,01000,huizen_4plus,28258.0,370000.0,BELGIE
2024,2,02000,alle_huizen,55260.0,330000.0,VLAAMS GEWEST
2024,2,02000,appartementen,27456.0,250000.0,VLAAMS GEWEST
2024,2,02000,huizen_23,36731.0,300000.0,VLAAMS GEWEST
2024,2,02000,huizen_4plus,18529.0,413000.0,VLAAMS GEWEST
2024,2,03000,alle_huizen,28904.0,200000.0,WAALS GEWEST
2024,2,03000,appartementen,6239.0,175000.0,WAALS GEWEST
2024,2,03000,huizen_23,19310.0,175000.0,WAALS GEWEST
2024,2,03000,huizen_4plus,9594.0,290000.0,WAALS GEWEST
2024,2,04000,alle_huizen,2126.0,505000.0,BRUSSELS HOOFDSTEDELIJK GEWEST
2024,2,04000,appartementen,9781.0,260000.0,BRUSSELS HOOFDSTEDELIJK GEWEST
2024,2,04000,huizen_23,1991.0,494500.0,BRUSSELS HOOFDSTEDELIJK GEWEST
2024,2,04000,huizen_4plus,135.0,1100000.0,BRUSSELS HOOFDSTEDELIJK GEWEST
2024,3,10000,alle_huizen,13415.0,360000.0,PROVINCIE ANTWERPEN
2024,3,10000,appartementen,9991.0,245000.0,PROVINCIE ANTWERPEN
2024,3,10000,huizen_23,8911.0,335000.0,PROVINCIE ANTWERPEN
2024,3,10000,huizen_4plus,4504.0,445000.0,PROVINCIE ANTWERPEN
2024,3,20001,alle_huizen,9226.0,389500.0,PROVINCIE VLAAMS-BRABANT
2024,3,20001,appartementen,3370.0,270000.0,PROVINCIE VLAAMS-BRABANT
2024,3,20001,huizen_23,5499.0,350000.0,PROVINCIE VLAAMS-BRABANT
2024,3,20001,huizen_4plus,3727.0,460000.0,PROVINCIE VLAAMS-BRABANT
2024,3,20002,alle_huizen,2738.0,375000.0,PROVINCIE WAALS-BRABANT
2024,3,20002,appartementen,1032.0,245000.0,PROVINCIE WAALS-BRABANT
2024,3,20002,huizen_23,1395.0,305000.0,PROVINCIE WAALS-BRABANT
2024,3,20002,huizen_4plus,1343.0,460000.0,PROVINCIE WAALS-BRABANT
2024,3,30000,alle_huizen,11413.0,290000.0,PROVINCIE WEST-VLAANDEREN
2024,3,30000,appartementen,7031.0,242500.0,PROVINCIE WEST-VLAANDEREN
2024,3,30000,huizen_23,8246.0,260000.0,PROVINCIE WEST-VLAANDEREN
2024,3,30000,huizen_4plus,3167.0,400000.0,PROVINCIE WEST-VLAANDEREN
2024,3,40000,alle_huizen,14711.0,320000.0,PROVINCIE OOST-VLAANDEREN
2024,3,40000,appartementen,4479.0,255000.0,PROVINCIE OOST-VLAANDEREN
2024,3,40000,huizen_23,11013.0,295000.0,PROVINCIE OOST-VLAANDEREN
2024,3,40000,huizen_4plus,3698.0,429000.0,PROVINCIE OOST-VLAANDEREN
2024,3,50000,alle_huizen,12283.0,170001.0,PROVINCIE HENEGOUWEN
2024,3,50000,appartementen,1829.0,152000.0,PROVINCIE HENEGOUWEN
2024,3,50000,huizen_23,9467.0,155000.0,PROVINCIE HENEGOUWEN
2024,3,50000,huizen_4plus,2816.0,270000.0,PROVINCIE HENEGOUWEN
2024,3,60000,alle_huizen,7397.0,205000.0,PROVINCIE LUIK
2024,3,60000,appartementen,1859.0,170000.0,PROVINCIE LUIK
2024,3,60000,huizen_23,5247.0,185000.0,PROVINCIE LUIK
2024,3,60000,huizen_4plus,2150.0,290000.0,PROVINCIE LUIK
2024,3,70000,alle_huizen,6495.0,295000.0,PROVINCIE LIMBURG
2024,3,70000,appartementen,2585.0,239000.0,PROVINCIE LIMBURG
2024,3,70000,huizen_23,3062.0,259000.0,PROVINCIE LIMBURG
2024,3,70000,huizen_4plus,3433.0,332500.0,PROVINCIE LIMBURG
2024,3,80000,alle_huizen,2390.0,227000.0,PROVINCIE LUXEMBURG
2024,3,80000,appartementen,524.0,190500.0,PROVINCIE LUXEMBURG
2024,3,80000,huizen_23,1101.0,195000.0,PROVINCIE LUXEMBURG
2024,3,80000,huizen_4plus,1289.0,260000.0,PROVINCIE LUXEMBURG
2024,3,90000,alle_huizen,4096.0,222250.0,PROVINCIE NAMEN
2024,3,90000,appartementen,995.0,174000.0,PROVINCIE NAMEN
2024,3,90000,huizen_23,2100.0,195000.0,PROVINCIE NAMEN
2024,3,90000,huizen_4plus,1996.0,260000.0,PROVINCIE NAMEN
